{
    "loss": 0.6683534979820251,
    "accuracy": 0.4313725531101227
}